"id","title","label","latintoponym","pleiades","welchid","golvinid","buildingtype","chronogroup","secondcentury","capacity","modcountry","romanregion","zotero","amphitheatrum","dimensionsunknown","arenamajor","arenaminor","extmajor","extminor","exteriorheight","longitude","latitude","elevation"
"duraEuroposAmphitheater","Amphitheater at Dura Europos","Dura Europos","Dura Europus","https://pleiades.stoa.org/places/893989","","129","amphitheater","severan",False,1000.0,"Syria","syria","5ADZC245","https://amphi-theatrum.de/1449.html",False,31.0,25.0,50.0,44.0,"",40.728926,34.749855,223
"arlesAmphitheater","Amphitheater at Arles","Arles","Arelate","https://pleiades.stoa.org/places/148217","","154","amphitheater","flavian",True,23354.0,"France","narbonensis","LD7NNHSG","https://amphi-theatrum.de/1371.html",False,47.0,32.0,136.0,107.0,"",4.631111,43.677778,21
"lyonAmphitheater","Amphitheater at Lyon","Lyon","Lugdunum","https://pleiades.stoa.org/places/167717","","171","amphitheater","second-century",True,27454.0,"France","lugdunensis","","https://amphi-theatrum.de/1416.html",False,67.6,42.0,143.0,117.0,"",4.830556,45.770556,206
"ludusMagnusArena","Ludus Magnus Arena","Ludus Magnus","Ludus Magnus","https://pleiades.stoa.org/places/423025","","","practice-arena","imperial",False,"","Italy","regio-i","","https://amphi-theatrum.de/1708.html",True,"","","","","",12.494913,41.88995,22
"romeFlavianAmphitheater","Flavian Amphitheater at Rome","Flavian Amphitheater","Roma","https://pleiades.stoa.org/places/423025","","152","amphitheater","flavian",True,50000.0,"Italy","regio-i","VKMRD8AT","https://amphi-theatrum.de/1373.html",False,83.0,48.0,189.0,156.0,52.0,12.492269,41.890169,22
"romeAmphitheatrumCastrense","Amphitheatrum Castrense (Rome)","Amph. Castrense","Roma","https://pleiades.stoa.org/places/423025","","189","amphitheater","severan",False,7000.0,"Italy","regio-i","","https://amphi-theatrum.de/1566.html",False,"","",88.0,75.8,"",12.515144,41.887715,48
"eleutheropolisAmphitheater","Amphitheater at Eleutheropolis","Eleutheropolis","Eleutheropolis","https://pleiades.stoa.org/places/687854","","","amphitheater","second-century",True,3500.0,"Israel","judaea","","https://amphi-theatrum.de/2397.html",False,47.0,38.0,71.0,56.0,"",34.893845,31.608189,253
"pompeiiAmphitheater","Amphitheater at Pompeii","Pompeii","Pompeii","https://pleiades.stoa.org/places/433032","1","2","amphitheater","republican",False,20000.0,"Italy","regio-i","2DX4CYZZ","https://amphi-theatrum.de/1367.html",False,66.0,35.0,135.0,104.0,"",14.495262,40.751213,21
"meridaAmphitheater","Amphitheater at Mérida","Mérida","Emerita Augusta","https://pleiades.stoa.org/places/256155","","77","amphitheater","julio-claudian",True,15000.0,"Spain","lusitania","","https://amphi-theatrum.de/2701.html",False,64.0,41.0,126.0,102.0,"",-6.337952,38.916168,231
"newsteadAmphitheater","Amphitheater at Newstead","Newstead","Trimontium","https://pleiades.stoa.org/places/89304","","","amphitheater","flavian",True,1500.0,"United Kingdom","britannia","CPSBJ2HR","https://amphi-theatrum.de/1899.html",False,37.0,23.0,70.0,60.0,"",-2.6919,55.6026,83
"conimbrigaAmphitheater","Amphitheater at Conimbriga","Conimbriga","Conimbriga","https://pleiades.stoa.org/places/236443","","101","amphitheater","julio-claudian",True,4000.0,"Portugal","lusitania","","https://amphi-theatrum.de/1528.html",False,54.0,40.0,94.0,80.0,"",-8.49333,40.099444,100
"cumaeAmphitheater","Amphitheater at Cumae","Cumae","Cumae","https://pleiades.stoa.org/places/432808","4","","amphitheater","republican",True,"","Italy","regio-i","","https://amphi-theatrum.de/1474.html",False,"","",114.0,84.0,"",14.056,40.841847,19
"pozzuoliFlavianAmphitheater","Flavian Amphitheater at Pozzuoli","Pozzuoli (Flavian)","Puteoli","https://pleiades.stoa.org/places/432815","","153","amphitheater","flavian",True,35700.0,"Italy","regio-i","DKQ6KDQ2","https://amphi-theatrum.de/1466.html",False,74.8,42.0,149.0,116.0,"",14.125315,40.825929,41
"pozzuoliEarlyAmphitheater","Early Amphitheater at Pozzuoli","Pozzuoli (Early)","Puteoli","https://pleiades.stoa.org/places/432815","8","5","amphitheater","republican",False,"","Italy","regio-i","","https://amphi-theatrum.de/1465.html",True,"","","","","",14.127615,40.826239,58
"syracuseAmphitheater","Amphitheater at Syracuse","Syracuse","Syracusae","https://pleiades.stoa.org/places/462503","","83","amphitheater","julio-claudian",True,28773.0,"Italy","sicilia","","https://amphi-theatrum.de/1514.html",False,69.8,39.7,146.8,118.7,"",15.278934,37.074132,23
"carthageAmphitheater","Amphitheater at Carthage","Carthage","Carthago","https://pleiades.stoa.org/places/314921","","174","amphitheater","augustan",True,30000.0,"Tunisia","proconsularis","5V8IDURU","https://amphi-theatrum.de/1309.html",False,64.0,36.0,156.0,128.0,"",10.314924,36.856078,14
"hadrianVillaAmphitheater","Amphitheater at Hadrian's Villa at Tivoli","Tivoli Villa","Villa Hadriani","https://pleiades.stoa.org/places/423127","","","amphitheater","hadrianic",True,"","Italy","regio-i","","",False,"","",25.0,"","",12.778916,41.94164,99
"corinthAmphitheater","Amphitheater at Corinth","Corinth","Corinthus","https://pleiades.stoa.org/places/570182","18","126","amphitheater","caesarean",True,14000.0,"Greece","achaea","","https://amphi-theatrum.de/1361.html",False,58.0,30.0,98.0,70.0,"",22.892126,37.909629,98
"marcianopolisAmphitheater","Amphitheater at Marcianopolis (Devnya)","Marcianopolis","Marcianopolis","https://pleiades.stoa.org/places/216878","","127","amphitheater","severan",True,4000.0,"Bulgaria","thracia","","https://amphi-theatrum.de/1534.html",False,50.0,40.0,70.0,60.0,"",27.556674,43.218689,120
"porolissumAmphitheater","Amphitheater at Porolissum","Porolissum","Porolissum","https://pleiades.stoa.org/places/207361","","39","amphitheater","second-century",True,"","Romania","dacia","","https://amphi-theatrum.de/1443.html",False,64.0,52.0,84.0,75.0,"",23.154052,47.177552,441
"nijmegenAmphitheater","Amphitheater at Nijmegen","Nijmegen","Ulpia Noviomagus","https://pleiades.stoa.org/places/98921","","38","amphitheater","second-century",True,"","Netherlands","germania-inferior","","https://amphi-theatrum.de/1453.html",False,60.0,40.0,"","","",5.878859,51.838523,46
"carnuntumMilitaryAmphitheater","Military Amphitheater at Carnuntum","Carnuntum (Mil.)","Carnuntum","https://pleiades.stoa.org/places/128376","","122","amphitheater","first-century",True,8000.0,"Austria","pannonia","","https://amphi-theatrum.de/1432.html",False,71.0,43.0,99.5,81.5,"",16.892619,48.126824,164
"carnuntumLudus","Carnuntum (Ludus)","Carnuntum Ludus","Carnuntum","https://pleiades.stoa.org/places/128376","","","practice-arena","imperial",False,"","Austria","pannonia","","https://amphi-theatrum.de/2188.html",True,"","","","","",16.848689,48.109807,185
"carnuntumCivilianAmphitheater","Civilian Amphitheater at Carnuntum","Carnuntum (Civ.)","Carnuntum","https://pleiades.stoa.org/places/128376","","123","amphitheater","second-century",True,13000.0,"Austria","pannonia","","https://amphi-theatrum.de/1431.html",False,66.0,50.0,129.0,113.0,"",16.850943,48.110019,185
"leptisMagnaAmphitheater","Amphitheater at Leptis Magna","Leptis Magna","Leptis Magna","https://pleiades.stoa.org/places/344448","","24","amphitheater","neronian",True,16000.0,"Libya","proconsularis","","https://amphi-theatrum.de/1321.html",False,57.0,47.0,100.0,90.0,"",14.309452,32.63234,18
"empuriesAmphitheater","Amphitheater at Empuries","Empuries","Emporiae","https://pleiades.stoa.org/places/246382","","93","amphitheater","first-century",True,3343.0,"Spain","tarraconensis","","https://amphi-theatrum.de/1520.html",False,71.0,42.0,86.0,54.0,"",3.117431,42.130042,27
"tarragonaAmphitheater","Amphitheater at Tarragona","Tarragona","Tarraco","https://pleiades.stoa.org/places/246349","","139","amphitheater","second-century",True,15000.0,"Spain","tarraconensis","","https://amphi-theatrum.de/1497.html",False,62.0,39.0,95.0,69.5,"",1.25878,41.114522,13
"cagliariAmphitheater","Amphitheater at Cagliari","Cagliari","Carales","https://pleiades.stoa.org/places/471899","","182","amphitheater","second-century",True,12283.0,"Italy","corsica-et-sardinia","","https://amphi-theatrum.de/1377.html",False,46.8,33.2,92.8,79.2,"",9.113228,39.223908,60
"italicaAmphitheater","Amphitheater at Italica","Italica","Italica","https://pleiades.stoa.org/places/256231","","168","amphitheater","second-century",True,25000.0,"Spain","baetica","","https://amphi-theatrum.de/2740.html",False,70.0,44.0,160.0,136.0,"",-6.046742,37.443893,17
"segobrigaAmphitheater","Amphitheater at Segobriga","Segobriga","Segobriga","https://pleiades.stoa.org/places/266036","","88","amphitheater","flavian",True,7500.0,"Spain","tarraconensis","L98ZXTFU","https://amphi-theatrum.de/1516.html",False,47.0,31.0,75.0,64.0,"",-2.813944,39.886018,817
"cataniaAmphitheater","Amphitheater at Catania","Catania","Catina","https://pleiades.stoa.org/places/462270","","180","amphitheater","imperial",True,16000.0,"Italy","sicilia","","https://amphi-theatrum.de/2635.html",False,52.0,38.0,90.0,70.0,"",15.085323,37.507096,31
"paestumAmphitheater","Amphitheater at Paestum","Paestum","Paestum","https://pleiades.stoa.org/places/442733","10","7","amphitheater","republican",True,4500.0,"Italy","regio-iii","","https://amphi-theatrum.de/1468.html",False,56.0,35.0,79.0,59.0,"",15.006449,40.422354,18
"luniAmphitheater","Amphitheater at Luni","Luni","Luna","https://pleiades.stoa.org/places/403235","","143","amphitheater","second-century",True,3326.0,"Italy","regio-vii","P8RB27QW","https://amphi-theatrum.de/1543.html",False,52.0,34.5,87.0,71.0,"",10.022386,44.062656,4
"cassinoAmphitheater","Amphitheater at Cassino","Cassino","Casinum","https://pleiades.stoa.org/places/432764","","82","amphitheater","imperial",True,7840.0,"Italy","regio-i","","https://amphi-theatrum.de/1513.html",False,51.0,33.0,84.0,66.0,"",13.823575,41.482933,73
"viminaciumAmphitheater","Amphitheater at Viminacium","Viminacium","Viminacium","https://pleiades.stoa.org/places/207549","","","amphitheater","second-century",True,6900.0,"Serbia","moesia-superior","SL2QKBGS","https://amphi-theatrum.de/2572.html",False,55.0,45.0,84.0,74.0,"",21.220083,44.737985,72
"flaviaSolvaAmphitheater","Amphitheater at Flavia Solva","Flavia Solva","Flavia Solva","https://pleiades.stoa.org/places/197273","","52","amphitheater","imperial",True,2729.0,"Austria","noricum","EGZ5XRE9","https://amphi-theatrum.de/1455.html",False,85.0,35.0,97.0,45.0,"",15.5657773,46.76715349,266
"roselleAmphitheater","Amphitheater at Roselle","Roselle","Rusellae","https://pleiades.stoa.org/places/413288","","13","amphitheater","julio-claudian",True,2309.0,"Italy","regio-vii","","https://amphi-theatrum.de/1478.html",False,30.0,20.0,48.0,37.0,"",11.159132,42.828405,165
"parisAmphitheater","Amphitheater at Paris","Paris","Lutetia Parisiorum","https://pleiades.stoa.org/places/109126","","","gallo-roman-amphitheater","flavian",True,15000.0,"France","lugdunensis","","https://theatrum.de/887.html",False,52.0,46.0,"","","",2.352855,48.845097,46
"octodurusForumClaudiiVallensiumAmphitheater","Amphitheater at Octodurus/Forum Claudii Vallensium","Octodorus","Octodurus","https://pleiades.stoa.org/places/167859","","27","amphitheater","imperial",True,15550.0,"Switzerland","alpes-poeninae","","https://amphi-theatrum.de/1489.html",False,74.0,62.0,118.0,106.0,"",7.073493,46.094356,480
"cyreneAmphitheater","Amphitheater at Cyrene","Cyrene","Cyrene","https://pleiades.stoa.org/places/373778","","75","amphitheater","imperial",True,"","Libya","crete-et-cyrenaica","","https://amphi-theatrum.de/2487.html",False,33.0,28.0,"","","",21.850808,32.824526,550
"libarnaAmphitheater","Amphitheater at Libarna","Libarna","Libarna","https://pleiades.stoa.org/places/383694","","105","amphitheater","imperial",True,5380.0,"Italy","regio-ix","","https://amphi-theatrum.de/1530.html",False,66.0,36.6,88.0,58.7,"",8.867967,44.706013,225
"luceraAmphitheater","Amphitheater at Lucera","Lucera","Luceria","https://pleiades.stoa.org/places/442640","","12","amphitheater","augustan",True,17149.0,"Italy","regio-ii","","https://amphi-theatrum.de/1436.html",False,72.2,43.2,126.8,94.5,"",15.344984,41.508249,196
"avellaAmphitheater","Amphitheater at Abella","Abella","Abella","https://pleiades.stoa.org/places/432617","5","3","amphitheater","republican",True,"","Italy","regio-i","","https://amphi-theatrum.de/1461.html",False,63.0,35.0,108.0,70.0,"",14.608415,40.961526,224
"nimesAmphitheater","Amphitheater at Nimes","Nimes","Nemausus","https://pleiades.stoa.org/places/148142","","155","amphitheater","flavian",True,24000.0,"France","narbonensis","LD7NNHSG","https://amphi-theatrum.de/1385.html",False,69.1,38.4,133.4,101.4,"",4.359599,43.834876,50
"charterhouseAmphitheater","Amphitheater at Charterhouse","Charterhouse","Ischalis","https://pleiades.stoa.org/places/79534","","32","amphitheater","imperial",True,"","United Kingdom","britannia","","https://amphi-theatrum.de/1441.html",False,32.0,24.0,70.0,61.0,"",-2.720301,51.305437,296
"chesterAmphitheater","Amphitheater at Chester","Chester","Deva Victrix","https://pleiades.stoa.org/places/79420","","107","amphitheater","flavian",True,10861.0,"United Kingdom","britannia","CW8ICQUU","https://amphi-theatrum.de/1437.html",False,56.7,48.3,95.5,86.6,"",-2.886928,53.189079,23
"gennesAmphitheater","Amphitheater at Gennes","Gennes","Geinum","https://pleiades.stoa.org/places/138371","","","gallo-roman-amphitheater","second-century",True,5000.0,"France","lugdunensis","","https://amphi-theatrum.de/2554.html",False,44.0,39.0,"","","",-0.2386057,47.3352194,47
"scythopolisNysaAmphitheater","Amphitheater at Scythopolis/Nysa","Scythopolis","Scythopolis","https://pleiades.stoa.org/places/678378","","","arena-in-hippodrome","imperial",False,"","Israel","judaea","","https://amphi-theatrum.de/2402.html",True,"","","","","",35.501631,32.498395,-121
"roccellettaAmphitheater","Amphitheater at Roccelletta di Borgia","Roccelletta di Borgia","Scylletium","https://pleiades.stoa.org/places/452439","","","amphitheater","first-century",True,"","Italy","regio-iii","","https://amphi-theatrum.de/1598.html",False,"","",88.0,64.0,"",16.59232919,38.80688779,44
"bordeauxAmphitheater","Amphitheater at Bordeaux","Bordeaux","Burdigala","https://pleiades.stoa.org/places/138248","","188","amphitheater","second-century",True,22130.0,"France","aquitania","V8642RQH","https://amphi-theatrum.de/1388.html",False,69.8,46.7,132.3,110.6,"",-0.582476,44.847382,17
"oudnaAmphitheater","Amphitheater at Oudna","Uthina","Uthina","https://pleiades.stoa.org/places/315247","","115","amphitheater","second-century",True,11832.0,"Tunisia","proconsularis","","https://amphi-theatrum.de/1347.html",False,52.5,37.5,96.0,81.0,"",10.169215,36.608597,112
"carthagoNovaAmphitheater","Amphitheater at Carthago Nova/Col. Urbs Iulia","Carthago Nova","Carthago Nova","https://pleiades.stoa.org/places/265849","","","amphitheater","imperial",True,"","Spain","tarraconensis","","https://amphi-theatrum.de/1613.html",False,"","",69.0,69.0,"",-0.9801609,37.600645499,23
"virunumAmphitheater","Amphitheater at Virunum","Virunum","Virunum","https://pleiades.stoa.org/places/197583","","51","amphitheater","second-century",True,"","Austria","noricum","EGZ5XRE9","https://amphi-theatrum.de/1501.html",False,"","",96.0,42.0,"",14.366995899,46.697877699,479
"carsulaeAmphitheater","Amphitheater at Carsulae","Carsulae","Carsulae","https://pleiades.stoa.org/places/413065","","80","amphitheater","late-first-century",True,5945.0,"Italy","regio-vi","","https://amphi-theatrum.de/1512.html",False,62.1,37.6,86.5,62.0,"",12.559172,42.639468,438
"florenceAmphitheater","Amphitheater at Florence","Florence","Florentia","https://pleiades.stoa.org/places/413138","","140","amphitheater","hadrianic",True,"","Italy","regio-vii","","https://amphi-theatrum.de/1387.html",False,64.0,40.0,113.0,89.0,"",11.2595198,43.7687303,47
"ocriculumAmphitheater","Amphitheater at Ocriculum","Ocriculcum","Ocricoli","https://pleiades.stoa.org/places/413231","","142","amphitheater","imperial",True,17812.0,"Italy","regio-vi","","https://amphi-theatrum.de/2878.html",False,64.0,42.0,120.0,98.0,"",12.467190499,42.4115648,86
"lixusAmphitheater","Amphitheater at Lixus","Lixus","Lixus","https://pleiades.stoa.org/places/275666","","","amphitheater","imperial",True,"","Morocco","mauretania","","https://amphi-theatrum.de/3043.html",False,34.0,28.0,"","","",-6.1084683,35.19990039,52
"arezzoAmphitheater","Amphitheater at Arezzo","Arezzo","Arretium","https://pleiades.stoa.org/places/413032","","149","amphitheater","flavian",True,8000.0,"Italy","regio-vii","","https://amphi-theatrum.de/1398.html",False,71.9,42.7,109.4,80.0,"",11.88037,43.460491,263
"larinoAmphitheater","Amphitheater at Larinum","Larinum","Larinum","https://pleiades.stoa.org/places/442629","","","amphitheater","imperial",True,"","Italy","regio-ii","","https://amphi-theatrum.de/1609.html",False,57.0,40.0,98.0,86.0,"",14.9159226,41.8058428,406
"lucusFeroniaeAmphitheater","Amphitheater at Lucus Feroniae","Lucus Feroniae","Lucus Feroniae","https://pleiades.stoa.org/places/413184","16","145","amphitheater","julio-claudian",True,1844.0,"Italy","regio-vii","","https://amphi-theatrum.de/2923.html",False,34.0,32.0,46.0,44.0,"",12.594868,42.129831,52
"ferentoAmphitheater","Amphitheater at Ferento","Ferento","Ferentium","https://pleiades.stoa.org/places/413184","16","9","amphitheater","republican",True,"","Italy","regio-vii","","https://amphi-theatrum.de/1470.html",False,"","",68.0,40.0,"",12.139272,42.491986,288
"allifaeAmphitheater","Amphitheater at Allifae","Allifae","Allifae","https://pleiades.stoa.org/places/432658","","","amphitheater","imperial",True,"","Italy","regio-i","","https://amphi-theatrum.de/2038.html",False,72.0,48.0,107.0,84.0,"",14.334997,41.325601,106
"cimiezAmphitheater","Amphitheater at Cimiéz","Cimiez","Cemenelum","https://pleiades.stoa.org/places/157834","","16","amphitheater","julio-claudian",True,4245.0,"France","narbonensis","WFCBSKSY","https://amphi-theatrum.de/1481.html",False,46.0,34.0,67.0,56.0,"",7.2752435,43.71967279,112
"hydataHypsitanaForumTraianiAmphitheater","Amphitheater at Hydata Hypsitana/Forum Traiani","Forum Traiani","Forum Traiani","https://pleiades.stoa.org/places/471947","","","amphitheater","imperial",True,"","Italy","corsica-et-sardinia","","https://amphi-theatrum.de/2959.html",False,40.0,32.0,"","","",8.804698,39.993171,49
"luccaAmphitheater","Amphitheater at Lucca","Lucca","Luca","https://pleiades.stoa.org/places/403234","","135","amphitheater","imperial",True,15048.0,"Italy","regio-vii","","https://amphi-theatrum.de/1390.html",False,80.0,53.0,124.0,96.0,"",10.505772199,43.8455202,19
"hispellumAmphitheater","Amphitheater at Spello","Spello","Hispellum","https://pleiades.stoa.org/places/413170","","","amphitheater","first-century",True,"","Italy","regio-vi","","https://amphi-theatrum.de/1595.html",False,"","",82.0,"","",12.6662021,42.9957909,211
"veronaAmphitheater","Amphitheater at Verona","Verona","Verona","https://pleiades.stoa.org/places/383816","","","amphitheater","julio-claudian",True,30000.0,"Italy","regio-x","","https://amphi-theatrum.de/1369.html",False,75.68,44.43,152.43,123.42,"",10.99435,45.43904,62
"aquincumCivilAmphitheater","Civil Amphitheater at Budapest","Aquincum (Civilian)","Aquincum","https://pleiades.stoa.org/places/197130","","125","amphitheater","imperial",True,8617.0,"Hungary","pannonia","","https://amphi-theatrum.de/1457.html",False,51.0,42.0,86.5,75.5,"",19.047985,47.567577,105
"aquincumMilitaryAmphitheater","Military Amphitheater at Budapest","Aquincum (Military)","Aquincum","https://pleiades.stoa.org/places/197130","","124","amphitheater","imperial",True,16049.0,"Hungary","pannonia","","https://amphi-theatrum.de/1458.html",False,88.0,42.0,131.0,107.0,"",19.03906599,47.532947,101
"aldburoughAmphitheater","Amphitheater at Aldborough","Aldburough","Isurium Brigantium","https://pleiades.stoa.org/places/89209","","","amphitheater","imperial",True,"","United Kingdom","britannia","","https://amphi-theatrum.de/1499.html",False,58.0,47.0,"","","",-1.3796295999,54.0881157,41
"perigueuxAmphitheater","Amphitheater at Perigueux","Périgueux","Vesunna Petrucoriorum","https://pleiades.stoa.org/places/138650","","136","amphitheater","first-century",True,21413.0,"France","aquitania","LD7NNHSG","https://amphi-theatrum.de/1407.html",False,65.0,41.0,129.0,105.0,"",0.713249,45.18274,97
"cividateCamunoAmphitheater","Amphitheater at Cividate Camuno","Cividate Camuno","Civitas Camunnorum","https://pleiades.stoa.org/places/383617","","","amphitheater","imperial",True,"","Italy","regio-x","","https://amphi-theatrum.de/2945.html",False,"","",73.0,60.0,"",10.280644,45.94381289,283
"grumentoAmphitheater","Amphitheater at Grumento","Grumento","Grumentum","https://pleiades.stoa.org/places/442603","","92","amphitheater","imperial",True,7657.0,"Italy","regio-iii","","https://amphi-theatrum.de/1519.html",False,60.0,40.0,90.0,70.0,"",15.9115794,40.2876404,579
"albaFucensAmphitheater","Amphitheater at Alba Fucens","Alba Fucens","Alba Fucens","https://pleiades.stoa.org/places/413005","","23","amphitheater","julio-claudian",True,10720.0,"Italy","regio-iv","","https://amphi-theatrum.de/1487.html",False,64.0,37.0,103.0,76.0,"",13.412289,42.0772,977
"augstAmphitheater","Amphitheater at Augst","Augst","Augusta Raurica","https://pleiades.stoa.org/places/177494","","73","amphitheater","late-second-century",True,14313.0,"Switzerland","germania-superior","LD7NNHSG","https://amphi-theatrum.de/1411.html",False,48.0,33.0,102.0,87.0,"",7.72061,47.529294,285
"sutriumAmphitheater","Amphitheater at Sutrium","Sutrium","Sutrium","https://pleiades.stoa.org/places/413328","15","8","amphitheater","republican",True,8500.0,"Italy","regio-vii","","",False,"","",77.0,"","",12.2293009,42.2393124,271
"sarmizegetusaAmphitheater","Amphitheater at Ulpia Traiana Sarmizegetusa","Sarmizegetusa","Ulpia Traiana Sarmizegetusa","https://pleiades.stoa.org/places/207527","","110","amphitheater","second-century",True,5831.0,"Romania","dacia","","",False,66.0,47.0,88.0,69.0,"",22.785320599,45.51667729,491
"salonaAmphitheater","Amphitheater at Salona","Salona","Salona","https://pleiades.stoa.org/places/197488","","181","amphitheater","second-century",True,13380.0,"Croatia","dalmatia","","https://amphi-theatrum.de/1565.html",False,64.0,40.0,125.0,101.0,"",16.473893,43.5381718,8
"londonAmphitheater","Amphitheater at London","London","Londinium","https://pleiades.stoa.org/places/79574","","","amphitheater","flavian",True,6500.0,"United Kingdom","britannia","","https://amphi-theatrum.de/1972.html",False,60.0,40.0,100.0,85.0,"",-0.092136,51.515522,29
"tiburAmphitheater","Amphitheater at Tibur","Tibur","Tibur","https://pleiades.stoa.org/places/423081","","","amphitheater","hadrianic",True,"","Italy","regio-i","","",False,"","",85.0,"","",12.798114,41.960571,248
"caerleonAmphitheater","Amphitheater at Caerleon","Caerleon","Isca Augusta","https://pleiades.stoa.org/places/79532","","108","amphitheater","imperial",True,6000.0,"United Kingdom","britannia","","https://amphi-theatrum.de/1438.html",False,55.0,41.0,80.0,66.0,"",-2.956878,51.6080589,13
"telesiaAmphitheater","Amphitheater at Telesia","Telesia","Telesia","https://pleiades.stoa.org/places/433147","9","6","amphitheater","republican",True,9000.0,"Italy","regio-i","","",False,"","",112.0,"","",14.500496,41.223911,68
"urbisagliaAmphitheater","Amphitheater at Urbs Salvia","Urbs Salvia","Urbs Saglia","https://pleiades.stoa.org/places/413364","","165","amphitheater","flavian",True,5150.0,"Italy","regio-v","","https://amphi-theatrum.de/1556.html",False,59.0,35.0,98.0,71.0,"",13.387224,43.200877,219
"saintesAmphitheater","Amphitheater at Saintes","Saintes","Mediolanum Santonum","https://pleiades.stoa.org/places/138458","","100","amphitheater","imperial",True,20197.0,"France","aquitania","","https://amphi-theatrum.de/1526.html",False,65.2,39.2,126.4,101.6,"",-0.6433512,45.7453926,20
"assisiAmphitheater","Amphitheater at Assisi","Assisi","Asisium","https://pleiades.stoa.org/places/413037","","","amphitheater","first-century",True,"","Italy","regio-vi","","https://amphi-theatrum.de/1386.html",False,60.0,35.0,"","","",12.620454,43.071077,445
"durresAmphitheater","Amphitheater at Durrës","Durrës","Dyrrachium","https://pleiades.stoa.org/places/481818","","178","amphitheater","second-century",True,20000.0,"Albania","macedonia","4MKNQEGP","",False,61.4,42.2,132.4,113.2,"",19.445131,41.312241,15
"lambaesisAmphitheater","Amphitheater at Lambaesis","Lambaesis","Lambaesis","https://pleiades.stoa.org/places/334570","","111","amphitheater","second-century",True,15400.0,"Algeria","mauretania","","https://amphi-theatrum.de/1444.html",False,68.0,55.0,104.6,94.0,"",6.2599349,35.4892469,1170
"mactarisAmphitheater","Amphitheater at Mactaris","Mactaris","Mactaris","https://pleiades.stoa.org/places/324774","","119","amphitheater","second-century",True,5000.0,"Tunisia","proconsularis","","",False,38.4,24.8,63.2,49.6,"",9.2066727,35.8556279,911
"cirencesterAmphitheater","Amphitheater at Cirencester","Cirencester","Corinium Dobunnorum","https://pleiades.stoa.org/places/197225","","33","amphitheater","second-century",True,10210.0,"United Kingdom","britannia","","https://amphi-theatrum.de/1490.html",False,46.0,41.0,89.0,81.0,"",-1.972188,51.71151,119
"vindonissaAmphitheater","Amphitheater at Vindonissa","Vindonissa","Vindonissa","https://pleiades.stoa.org/places/177661","","17","amphitheater","flavian",True,15142.0,"Switzerland","germania-superior","LD7NNHSG","https://amphi-theatrum.de/1454.html",False,64.0,51.0,112.0,98.0,"",8.213605,47.47629,361
"thysdrusSmallAmphitheater","Small Amphitheater at Thysdrus","Thysdrus (Sm.)","Thysdrus","https://pleiades.stoa.org/places/324835","","112","amphitheater","second-century",True,9000.0,"Tunisia","proconsularis","","https://amphi-theatrum.de/1344.html",False,60.0,40.0,92.0,72.0,"",10.707911,35.290106,116
"thysdrusAmphitheater","Amphitheater at Thysdrus","Thysdrus (lg.)","Thysdrus","https://pleiades.stoa.org/places/324835","","186","amphitheater","post-severan",False,35000.0,"Tunisia","proconsularis","","https://amphi-theatrum.de/1343.html",False,65.0,39.0,148.0,122.0,40.0,10.706939,35.29639,111
"frejusAmphitheater","Amphitheater Fréjus","Fréjus","Forum Julii","https://pleiades.stoa.org/places/157836","",138,"amphitheater","flavian",True,13854.0,"France","narbonensis","LD7NNHSG","https://amphi-theatrum.de/1540.html",False,67.7,39.7,113.7,85.7,"",6.72871,43.43446,12
"gortynAmphitheater","Amphitheater at Gortyn","Gortyn","Gortyna","https://pleiades.stoa.org/places/589796","","","amphitheater","second-century",True,"","Greece","crete-et-cyrenaica","4PCVKVQ8","https://amphi-theatrum.de/2484.html",False,"","",85.0,"","",24.953076,35.056454,150
"leptiminusAmphitheater","Amphitheater at Leptiminus","Leptiminus","Leptiminus","https://pleiades.stoa.org/places/324767","","114","amphitheater","second-century",True,9100.0,"Tunisia","proconsularis","","https://amphi-theatrum.de/1322.html",False,45.0,26.0,81.0,62.0,"",10.866282,35.678077,9
"miciaAmphitheater","Amphitheater at Micia","Micia","Micia","https://pleiades.stoa.org/places/207286","","47","amphitheater","second-century",True,1722.0,"Romania","dacia","","https://amphi-theatrum.de/1447.html",False,44.0,26.0,56.0,37.0,"",22.81731,45.915008,183
"gemellaeAmphitheater","Amphitheater at Gemellae","Gemellae","Gemellae","https://pleiades.stoa.org/places/334553","","44","amphitheater","hadrianic",True,3204.0,"Algeria","mauretania","FPC6XYXG","https://amphi-theatrum.de/1445.html",False,52.0,32.0,72.0,52.0,"",5.522992,34.635435,83
"cherchellAmphitheater","Amphitheater at Cherchell","Cherchel","Caesarea","https://pleiades.stoa.org/places/295279","","81","amphitheater","augustan",True,"","Algeria","mauretania","9L8A5YQT","https://amphi-theatrum.de/2425.html",False,98.0,37.0,145.0,78.0,"",2.198958,36.60878,29
"pulaAmphitheater","Amphitheater at Pula","Pula","Colonia Pietas Iulia Pola Pollentia Herculanea","https://pleiades.stoa.org/places/197448","","151","amphitheater","julio-claudian",True,26000.0,"Croatia","regio-x","","https://amphi-theatrum.de/1539.html",False,67.95,41.65,132.45,105.1,32.45,13.850243,44.873229,16
"carmonaAmphitheater","Amphitheater at Carmona","Carmona","Carmo","https://pleiades.stoa.org/places/256058","17","10","amphitheater","caesarean",True,18350.0,"Spain","baetica","","https://amphi-theatrum.de/1471.html",False,58.0,39.0,108.0,98.0,"",-5.650907,37.469674,223
"caesareaAmphitheater","Amphitheater at Caesarea","Caesarea","Caesarea","https://pleiades.stoa.org/places/678401","","","amphitheater","imperial",True,"","Israel","judaea","","https://amphi-theatrum.de/2411.html",False,95.0,62.0,"","","",34.897451,32.506473,11
"bergamaAmphitheater","Amphitheater at Pergamum","Bergama","Pergamum","https://pleiades.stoa.org/places/550812","","177","amphitheater","second-century",True,23016.0,"Turkey","asia","","https://amphi-theatrum.de/1562.html",False,53.0,37.0,136.2,107.4,"",27.174177,39.125751,100
"anazarbusAmphitheater","Amphitheater at Anazarbus","Anazarbus","Anazarbus","https://pleiades.stoa.org/places/658378","","","amphitheater","imperial",True,"","Turkey","cilicia","","https://amphi-theatrum.de/2421.html",False,60.0,43.0,109.0,80.0,"",35.894673,37.244094,42
"antiochAmphitheater","Amphitheater at Antioch","Antioch","Antiochia","https://pleiades.stoa.org/places/658381","19","","amphitheater","caesarean",True,"","Turkey","syria","","https://amphi-theatrum.de/2603.html",True,"","","","","",36.160437,36.202624,89
"cyzicusAmphitheater","Amphitheater at Cyzicus","Cyzicus","Cyzicus","https://pleiades.stoa.org/places/511218","","","amphitheater","imperial",True,"","Turkey","asia","","https://amphi-theatrum.de/1561.html",False,"","",150.0,100.0,"",27.884552,40.398213,54
"sabrathaAmphitheater","Amphitheater at Sabratha","Sabratha","Sabratha","https://pleiades.stoa.org/places/344282","","120","amphitheater","second-century",True,20700.0,"Libya","proconsularis","","https://amphi-theatrum.de/1327.html",False,65.0,49.0,115.0,99.0,"",12.49404,32.803879,11
"salamisAmphitheater","Amphitheater at Salamis","Salamis","Salamis","https://pleiades.stoa.org/places/707617","","","amphitheater","imperial",True,"","Cyprus","cyprus","","https://amphi-theatrum.de/2001.html",True,"","","","","",33.902435,35.185517,6
"paphosAmphitheater","Amphitheater at Paphos","Paphos","Nea Paphos","https://pleiades.stoa.org/places/707586","","","amphitheater","imperial",True,"","Cyprus","cyprus","","https://amphi-theatrum.de/1984.html",False,"","",70.0,"","",32.405344,34.754942,6
"carmarthenAmphitheater","Amphitheater at Carmarthen","Carmarthen","Moridunum","https://pleiades.stoa.org/places/79602","","","amphitheater","second-century",True,"","United Kingdom","britannia","","https://amphi-theatrum.de/1440.html",False,46.0,27.0,92.0,67.0,"",-4.296651,51.862005,29
"caerwentAmphitheater","Amphitheater at Caerwent","Caerwent","Venta Silurum","https://pleiades.stoa.org/places/79733","","128","amphitheater","imperial",True,3532.0,"United Kingdom","britannia","","",False,44.0,35.0,63.0,53.0,"",-2.766307,51.612173,25
"tomen-y-murAmphitheater","Amphitheater at Tomen y Mur","Tomen y Mur","","https://pleiades.stoa.org/places/142376597","","31","amphitheater","imperial",True,2772.0,"United Kingdom","britannia","","https://amphi-theatrum.de/1439.html",False,35.0,28.0,52.0,46.0,"",-3.9235,52.931893,295
"thaenaeAmphitheater","Amphitheater at Thaenae","Thaenae","","https://pleiades.stoa.org/places/324825","","71","amphitheater","second-century",True,8700.0,"Tunisia","proconsularis","","https://amphi-theatrum.de/1332.html",False,62.0,33.0,90.0,61.0,"",10.673126,34.655481,7
"sbeitlaAmphitheater","Amphitheater at Sbeitla","Sbeitla","Sufetula","https://pleiades.stoa.org/places/324816","","113","amphitheater","second-century",True,6500.0,"Tunisia","proconsularis","","https://amphi-theatrum.de/1331.html",False,47.0,37.0,72.0,60.0,"",9.114582,35.243617,556
"tebessaAmphitheater","Amphitheater at Theveste","Tebessa","Theveste","https://pleiades.stoa.org/places/324831","","","amphitheater","flavian",True,9400.0,"Algeria","proconsularis","","https://amphi-theatrum.de/1336.html",False,52.8,39.5,83.0,70.0,"",8.123809,35.401171,877
"trierAmphitheater","Amphitheater at Trier","Trier","Augusta Treverorum","https://pleiades.stoa.org/places/108894","","41","amphitheater","third-century",True,8742.0,"Germany","belgica","VSSBREEF","https://amphi-theatrum.de/1494.html",False,71.0,49.0,100.0,79.0,"",6.649088,49.748052,168
"susaAmphitheater","Amphitheater at Susa","Susa","Segusio","https://pleiades.stoa.org/places/167919","","15","amphitheater","imperial",True,3015.0,"Italy","alpes-cottiae","","https://amphi-theatrum.de/1494.html",False,44.0,36.0,60.0,52.0,"",7.04497,45.133185,546
"ivreaAmphitheater","Amphitheater at Ivrea","Ivrea","Eporedia","https://pleiades.stoa.org/places/383642","","55","amphitheater","late-first-century",True,8046.0,"Italy","regio-xi","","https://amphi-theatrum.de/1502.html",False,67.0,42.0,96.0,72.0,"",7.887734,45.467767,240
"bararusAmphitheater","Amphitheater at Bararus","Rougga","","https://pleiades.stoa.org/places/324673","","187","amphitheater","severan",False,12100.0,"Tunisia","proconsularis","","https://amphi-theatrum.de/1313.html",False,63.75,37.5,98.0,73.5,"",10.791226,35.211828,68
"castraAlbanaAmphitheater","Amphitheater at Castra Albana","Albana Laziale","Castra Albana","https://pleiades.stoa.org/places/422885","","190","amphitheater","severan",False,15538.0,"Italy","regio-i","","https://amphi-theatrum.de/1567.html",False,67.5,45.0,116.5,94.0,"",12.66501,41.732637,454
"sophiaAmphitheater","Amphitheater at Sophia","Sophia","Ulpia Serdica","https://pleiades.stoa.org/places/207439","","","amphitheater","post-severan",False,20000.0,"Bulgaria","thracia","","https://amphi-theatrum.de/1738.html",False,60.5,43.0,"","","",23.32865,42.697178,554
"ptolemaisAmphitheater","Amphitheater at Ptolemais","Ptolemais","Ptolemais","https://pleiades.stoa.org/places/373879","","76","amphitheater","imperial",True,10878.0,"Libya","crete-et-cyrenaica","","https://amphi-theatrum.de/1509.html",False,47.5,44.5,89.0,86.0,"",20.945728,32.707953,12
"toulouseAmphitheater","Amphitheater at Toulouse","Toulouse","Tolosa","https://pleiades.stoa.org/places/246694","","98","amphitheater","imperial",True,16336.0,"France","narbonensis","","https://amphi-theatrum.de/1524.html",False,59.0,49.0,111.0,101.0,"",1.397664,43.614808,149
"caparraAmphitheater","Amphitheater at Caparra","Caparra","Municipium Flavium Caparense","https://pleiades.stoa.org/places/236405","","","amphitheater","imperial",True,"","Spain","lusitania","","https://amphi-theatrum.de/2791.html",False,30.0,19.0,"","","",-6.100049,40.164159,405
"cordobaAmphitheater","Amphitheater at Cordoba","Cordoba","Colonia Patricia","https://pleiades.stoa.org/places/256128","","","amphitheater","first-century",True,"","Spain","baetica","","",False,"","",178.0,145.0,"",-4.788888,37.884183,125
"ateguaAmphitheater","Amphitheater at Ancient Ategua","Ategua","Ategua","https://pleiades.stoa.org/places/265808","","","amphitheater","first-century",True,6000.0,"Spain","","","",False,27.0,"",44.0,"","",-4.573101,37.755197,295
"lillebonnAmphitheater","Amphitheater at Lillebonne","Lillebonne","Iuliobona","https://pleiades.stoa.org/places/109069","","19","gallo-roman-amphitheater","first-century",False,7245.0,"France","lugdunensis","","https://amphi-theatrum.de/1482.html",False,48.0,45.0,78.0,75.0,"",0.536724,49.517759,19
"besanconAmphitheater","Amphitheater at Besançon","Besançon","Vesontio","https://pleiades.stoa.org/places/177657","","158","amphitheater","second-century",True,13816.0,"France","germania-superior","8LNKGJPW","https://amphi-theatrum.de/1551.html",False,62.0,37.0,110.0,85.0,"",6.015942,47.239027,246
"limogesAmphitheater","Amphitheater at Limoges","Limoges","Augustoritum","https://pleiades.stoa.org/places/138203","","156","amphitheater","second-century",True,24795.0,"France","aquitania","LD7NNHSG","https://amphi-theatrum.de/1549.html",False,68.0,48.0,137.0,116.0,"",1.251841,45.830474,304
"poitiersAmphitheater","Amphitheater at Poitiers","Poitiers","Limonum Pictonum","https://pleiades.stoa.org/places/138422","","137","amphitheater","julio-claudian",True,33250.0,"France","aquitania","LD7NNHSG","https://amphi-theatrum.de/1381.html",False,72.0,47.0,156.0,130.0,"",0.339589,46.57815,119
"reimsAmphitheater","Amphitheater at Reims","Reims","Durocortorum","https://pleiades.stoa.org/places/108945","","","amphitheater","imperial",True,"","France","belgica","","https://amphi-theatrum.de/1394.html",False,"","",122.0,100.0,"",4.018775,49.261265,80
"rodezAmphitheater","Amphitheater at Rodez","Rodez","Segodunum","https://pleiades.stoa.org/places/138579","","22","amphitheater","imperial",True,18546.0,"France","aquitania","LD7NNHSG","https://amphi-theatrum.de/1484.html",False,42.0,30.0,110.0,97.0,"",2.571162,44.353698,611
"milanAmphitheater","Amphitheater at Milan","Milan","Mediolanum","https://pleiades.stoa.org/places/383706","","97","amphitheater","first-century",True,31649.0,"Italy","regio-xi","","https://amphi-theatrum.de/1523.html",False,74.0,44.0,155.0,125.0,"",9.178518,45.456898,116
"aquileiaAmphitheater","Amphitheater at Aquileia","Aquileia","Aquileia","https://pleiades.stoa.org/places/187290","","141","amphitheater","flavian",True,26114.0,"Italy","regio-x","","https://amphi-theatrum.de/2678.html",False,72.0,46.0,142.0,118.0,"",13.370713,45.768239,2
"paduaAmphitheater","Amphitheater at Padua","Padua","Patavium","https://pleiades.stoa.org/places/393473","","90","amphitheater","julio-claudian",True,7256.0,"Italy","regio-x","","https://amphi-theatrum.de/1399.html",False,76.4,39.5,102.5,65.5,"",11.879039,45.411483,17
"lecceAmphitheater","Amphitheater at Lecce","Lecce","Lupiae","https://pleiades.stoa.org/places/442642","","133","amphitheater","trajanic",True,13440.0,"Italy","regio-ii","","https://amphi-theatrum.de/1389.html",False,53.1,34.2,101.9,83.0,"",18.172733,40.352463,51
"terminiImereseAmphitheater","Amphitheater at Termini Imerese","Termini","Thermae Himerae","https://pleiades.stoa.org/places/462513","","164","amphitheater","flavian",True,26114.0,"Italy","sicilia","","https://amphi-theatrum.de/1555.html",False,53.0,30.0,98.0,75.0,"",13.695186,37.983696,76
"sanBenedettoDeiMarsiAmphitheater","Amphitheater at San Benedetto dei Marsi","San Benedetto","Marruvium","https://pleiades.stoa.org/places/432927","","","amphitheater","imperial",True,"","Italy","regio-iv","9GGW7DWK","https://amphi-theatrum.de/1601.html",False,"","",101.0,"","",13.627505,42.006504,683
"monteleoneAmphitheater","Amphitheater at Monteleone","Monteleone","Trebula Mutuesca","https://pleiades.stoa.org/places/413350","","58","amphitheater","second-century",True,"","Italy","regio-iv","","https://amphi-theatrum.de/1504.html",True,"","","","","",12.867528,42.228444,495
"bolsenaAmphitheater","Amphitheater at Bolsena","Bolsena","Volsinii Novi","https://pleiades.stoa.org/places/413389","","163","amphitheater","flavian",True,11000.0,"Italy","regio-vii","","https://amphi-theatrum.de/1554.html",False,59.0,42.0,100.0,84.0,"",11.990158,42.650243,417
"anconaAmphitheater","Amphitheater at Ancona","Ancona","Ancona","https://pleiades.stoa.org/places/413014","","78","amphitheater","julio-claudian",True,14168.0,"Italy","regio-v","","https://amphi-theatrum.de/1396.html",False,67.0,53.0,111.0,97.0,"",13.511791,43.624604,54
"ascoliPicenoAmphitheater","Amphitheater at Ascoli Picenum","Ascoli","Asculum Picenum","https://pleiades.stoa.org/places/413036","","91","amphitheater","imperial",True,"","Italy","regio-v","","https://amphi-theatrum.de/2861.html",False,"","",148.0,125.0,"",13.570767,42.855655,157
"beneventoAmphitheater","Amphitheater at Benevento","Benevento","Beneventum","https://pleiades.stoa.org/places/432721","","","amphitheater","republican",True,"","Italy","regio-ii","","https://amphi-theatrum.de/1776.html",True,"","","","","",14.781523,41.130009,166
"calviRisortaAmphitheater","Amphitheater at Calvi Risorta","Calvi Risorto","Cales","https://pleiades.stoa.org/places/432739","6","","amphitheater","republican",True,"","Italy","regio-i","","https://amphi-theatrum.de/1462.html",False,87.0,"",110.0,72.0,"",14.137993,41.202429,89
"sanVittorinoAmphitheater","Amphitheater at San Vittorino","San Vittorino","Amiternum","https://pleiades.stoa.org/places/413013","","166","amphitheater","first-century",True,20000.0,"Italy","regio-iv","WU8WU448","https://amphi-theatrum.de/1557.html",False,64.0,42.0,90.0,68.0,"",13.306027,42.400531,672
"beziersAmphitheater","Amphitheater at Béziers","Béziers","Baeterrae","https://pleiades.stoa.org/places/148056","","159","amphitheater","imperial",True,8601.0,"France","narbonensis","LD7NNHSG","https://amphi-theatrum.de/1405.html",False,104.0,74.0,74.0,44.0,"",3.214026,43.339589,56
"agenAmphitheater","Amphitheater at Agen","Agen","Aginnum","https://pleiades.stoa.org/places/138169","","161","amphitheater","imperial",True,"","France","aquitania","","https://amphi-theatrum.de/1552.html",True,"","","","","",0.622122,44.206545,52
"narbonneAmphitheater","Amphitheater at Narbonne","Narbonne","Narbo","https://pleiades.stoa.org/places/246347","","162","amphitheater","flavian",True,"","France","narbonensis","LD7NNHSG","",False,75.0,46.6,121.6,93.2,"",3.010181,43.184873,14
"amiensAmphitheater","Amphitheater at Amiens","Amiens","Samarobriva Ambianorum","https://pleiades.stoa.org/places/109321","","102","amphitheater","second-century",True,17848.0,"France","belgica","","https://amphi-theatrum.de/1384.html",False,55.0,42.0,114.0,100.0,"",2.293485,49.8944,32
"meauxAmphitheater","Amphitheater at Meaux","Meaux","Iatinon","https://pleiades.stoa.org/places/109059","","","amphitheater","imperial",True,"","France","lugdunensis","","https://amphi-theatrum.de/2416.html",True,"","","","","",2.883491,48.970006,50
"chartresAmphitheater","Amphitheater at Chartres","Chartres","Autricum","https://pleiades.stoa.org/places/108778","","109","amphitheater","imperial",True,"","France","lugdunensis","","https://amphi-theatrum.de/1382.html",True,"","","","","",1.48926,48.450069,140
"senlisAmphitheater","Amphitheater at Senlis","Senlis","Augustomagus","https://pleiades.stoa.org/places/108776","","21","amphitheater","first-century",True,10000.0,"France","belgica","","https://amphi-theatrum.de/1483.html",False,41.5,34.45,90.0,83.0,"",2.575376,49.205169,64
"tanetoAmphitheater","Amphitheater at Taneto","Taneto","Tannetum","https://pleiades.stoa.org/places/383791","","","amphitheater","imperial",True,"","Italy","regio-viii","","https://amphi-theatrum.de/2774.html",False,40.0,25.0,50.0,38.0,"",10.446891,44.76949,49
"toursAmphitheater","Amphitheater at Tours","Tours","Caesarodunum Turonum","https://pleiades.stoa.org/places/138255","","54","amphitheater","hadrianic",True,34000.0,"France","lugdunensis","LD7NNHSG","https://amphi-theatrum.de/1383.html",False,68.0,50.0,156.0,134.0,"",0.696233,47.395342,59
"caistorStEdmundAmphitheater","Amphitheater at Caistor Saint Edmund","Caistor St. Edmund","Venta Icenorum","https://pleiades.stoa.org/places/79735","","","amphitheater","imperial",True,"","United Kingdom","britannia","","https://amphi-theatrum.de/1986.html",False,38.0,32.0,"","","",1.288445,52.579764,7
"capuaRepublicanAmphitheater","Republican Amphitheater at Capua","Capua I","Capua","https://pleiades.stoa.org/places/432754","2","","amphitheater","republican",False,"","Italy","regio-i","","https://amphi-theatrum.de/2081.html",False,"","",112.0,81.0,"",14.250309,41.084593,37
"capuaImperialAmphitheater","Imperial Amphitheater at Capua","Capua II","Capua","https://pleiades.stoa.org/places/432754","","179","amphitheater","flavian",True,37000.0,"Italy","regio-i","WVCF7L6K","https://amphi-theatrum.de/2082.html",False,76.12,45.83,165.0,135.0,"",14.250089,41.085935,34
"liternoAmphitheater","Amphitheater at Literno","Literno","Liternum","https://pleiades.stoa.org/places/432911","3","","amphitheater","republican",True,"","Italy","regio-i","","https://amphi-theatrum.de/1862.html",True,"","","","","",14.0304,40.920949,9
"noleAmphitheater","Amphitheater at Nole","Nole","Nola","https://pleiades.stoa.org/places/432981","13","","amphitheater","republican",True,"","Italy","regio-i","","https://amphi-theatrum.de/1594.html",False,"","",138.0,108.0,"",14.52054,40.927702,35
"silchesterAmphitheater","Amphitheater at Silchester","Silchester","Calleva Atrebatum","https://pleiades.stoa.org/places/79368","","40","amphitheater","second-century",True,7147.0,"United Kingdom","britannia","","https://amphi-theatrum.de/1493.html",False,49.0,40.0,80.0,70.0,"",-1.07547,51.358881,91
"dorchesterAmphitheater","Amphitheater at Dorchester / Maumbury Henge","Maumbury","Durnovaria","https://pleiades.stoa.org/places/79431","","34","amphitheater","flavian",True,7952.0,"United Kingdom","britannia","","https://amphi-theatrum.de/1491.html",False,58.0,47.0,80.0,77.0,"",-2.440246,50.708044,78
"bragaAmphitheater","Amphitheater at Braga","Braga","Bracara Augusta","https://pleiades.stoa.org/places/236377","","","amphitheater","imperial",True,"","Portugal","tarraconensis","","",True,"","","","","",-8.430075,41.546669,175
"sisapoAmphitheater","Amphitheater at Sisapo","Sisapo","","https://pleiades.stoa.org/places/266043","","","amphitheater","imperial",True,"","Spain","baetica","","",True,"","","","","",-4.516667,38.645833,659
"leonAmphitheater","Amphitheater at León","León","Legio","https://pleiades.stoa.org/places/236512","","","amphitheater","imperial",True,"","Spain","tarraconensis","","",False,60.0,40.0,90.0,70.0,"",-5.566944,42.598889,846
"autunAmphitheater","Amphitheater at Autun","Autun","Augustodunum","https://pleiades.stoa.org/places/177460","","157","amphitheater","flavian",True,32189.0,"France","lugdunensis","","https://amphi-theatrum.de/2680.html",False,74.0,49.0,154.0,130.0,"",4.310856,46.953003,317
"xantenAmphitheater","Amphitheater at Xanten","Xanten","Colonia Ulpia Traiana","https://pleiades.stoa.org/places/108896","","167","amphitheater","imperial",True,10000.0,"Germany","germania-inferior","LD7NNHSG","https://amphi-theatrum.de/1450.html",False,58.5,49.0,96.5,87.0,"",6.451386,51.667172,21
"arnsburgAmphitheater","Amphitheater at Arnsburg","Arnsburg","","https://pleiades.stoa.org/places/118575","","","amphitheater","imperial",True,"","Germany","germania-superior","","https://amphi-theatrum.de/1896.html",False,"","",32.0,"","",8.787954,50.485657,163
"ierapetraAmphitheater","Amphitheater at Ierapetra","Ierapetra","Hierapytna","https://pleiades.stoa.org/places/589807","","","amphitheater","imperial",True,"","Greece","crete-et-cyrenaica","WFYFFL7L","https://amphi-theatrum.de/2128.html",False,"","",107.0,87.0,"",25.745132,35.011385,4
"kunzingAmphitheater","Amphitheater at Künzing","Künzing","Quintana","https://pleiades.stoa.org/places/118919","","","amphitheater","imperial",True,"","Germany","raetia","","https://amphi-theatrum.de/1876.html",False,"","",42.0,31.0,"",13.082821,48.667088,308
"noceraSuperioreAmphitheater","Amphitheater at Nocera Superiore","Nocera","Nuceria Alfaterna","https://pleiades.stoa.org/places/432985","","84","amphitheater","imperial",True,21162.0,"Italy","regio-i","","https://amphi-theatrum.de/1515.html",False,58.0,34.0,125.0,102.0,"",14.657022,40.74575,50
"perugiaAmphitheater","Amphitheater at Perugia","Perugia","Perusia","https://pleiades.stoa.org/places/413248","","","amphitheater","imperial",True,"","Italy","regio-vi","","",True,"","","","","",12.389066,43.107941,451
"bobadelaAmphitheater","Amphitheater at Bobadela","Bobadela","Elbocoris","https://pleiades.stoa.org/places/236458","","","amphitheater","flavian",True,"","Portugal","lusitania","","https://amphi-theatrum.de/1975.html",False,50.0,40.0,"","","",-7.893572,40.361088,383
"sopronAmphitheater","Amphitheater at Sopron","Sopron","Scarabantia","https://pleiades.stoa.org/places/197501","","53","amphitheater","imperial",True,"","Hungary","pannonia","","https://amphi-theatrum.de/1456.html",False,"","",93.0,"","",16.589397,47.692813,237
"nyonAmphitheater","Amphitheater at Nyon","Nyon","Noviodunum","https://pleiades.stoa.org/places/177496","","","amphitheater","imperial",True,"","Switzerland","germania-superior","","https://amphi-theatrum.de/1905.html",False,"","",56.0,40.0,"",6.241301,46.383464,391
"bernAmphitheater","Amphitheater at Bern","Bern","Bremodorum","https://pleiades.stoa.org/places/177471","","42","amphitheater","imperial",True,1946.0,"Switzerland","germania-superior","","https://amphi-theatrum.de/1495.html",False,27.6,23.5,42.6,38.5,"",7.451179,46.975715,547
"dambachAmphitheater","Amphitheater at “Dambach”","Dambach","","https://pleiades.stoa.org/places/118638","","","oval-structure","imperial",True,"","Germany","raetia","","https://amphi-theatrum.de/1792.html",False,"","",49.5,48.5,"",10.58318,49.104033,463
"burnumAmphitheater","Amphitheater at Burnum","Burnum","Burnum","https://pleiades.stoa.org/places/197184","","","amphitheater","imperial",True,"","Croatia","dalmatia","","https://amphi-theatrum.de/1878.html",False,43.0,32.0,80.0,65.0,"",16.018169,44.019098,250
"gleisdorfAmphitheater","Amphitheater at Gleisdorf","Gleisdorf","","https://pleiades.stoa.org/places/197284","","","amphitheater","imperial",True,"","Austria","noricum","EGZ5XRE9","https://amphi-theatrum.de/2424.html",True,"","","","","",15.707727,47.111055,365
"skikdaAmphitheater","Amphitheater at Skikda","Skikda","Rusicade","https://pleiades.stoa.org/places/305137","","72","amphitheater","second-century",True,8000.0,"Algeria","mauretania","","https://amphi-theatrum.de/1505.html",False,57.0,38.5,77.3,58.8,"",6.91383,36.876413,38
"bostraAmphitheater","Amphitheater at Bosra","Bosra","Nova Trajana Bostra","https://pleiades.stoa.org/places/678073","","","amphitheater","imperial",True,"","Syria","syria","","https://amphi-theatrum.de/2002.html",False,"","",120.0,75.0,"",36.479844,32.517923,845
"palmyraAmphitheater","Possible Amphitheater at Palmyra","Palmyra","Palmyra","https://pleiades.stoa.org/places/668331","","","amphitheater","imperial",True,"","Syria","syria","KEWYWH4L","",True,"","","","","",38.273763,34.553789,408
"stMarcelAmphitheater","Amphitheater at Saint Marcel","St. Marcel","Argentomagus","https://pleiades.stoa.org/places/138192","","","amphitheater","imperial",True,"","France","aquitania","","https://amphi-theatrum.de/1618.html",False,"","",80.0,"","",1.518328,46.601549,150
"metzAmphitheater","Amphitheater at Metz","Metz"," Divodurum","https://pleiades.stoa.org/places/108928","","170","amphitheater","late-first-early-second-century",True,30816.0,"France","belgica","","https://amphi-theatrum.de/1395.html",False,65.0,41.0,148.0,125.0,"",6.181932,49.107645,171
"grandHalfAmphitheater","Half Amphitheater at Grand","Grand","Grannum","https://pleiades.stoa.org/places/109016","","","gallo-roman-amphitheater","third-century",False,17000.0,"France","belgica","","",False,50.0,41.0,179.0,"","",5.49096,48.385217,371
"albengaAmphitheater","Amphitheater at Albenga","Albenga","Albingaunum","https://pleiades.stoa.org/places/157803","","74","amphitheater","imperial",True,3926.0,"Italy","regio-vii","","https://amphi-theatrum.de/1508.html",False,50.0,30.0,70.0,50.0,"",8.211019,44.043709,44
"aquinoAmphitheater","Amphitheater at Aquino","Aquino","Aquinum","https://pleiades.stoa.org/places/432695","","147","amphitheater","imperial",True,17789.0,"Italy","regio-i","","https://amphi-theatrum.de/1546.html",False,55.0,36.0,115.0,96.0,"",13.691338,41.49469,111
"bourgesAmphitheater","Amphitheater at Bourges","Bourges","Avaricum","https://pleiades.stoa.org/places/138207","","160","amphitheater","imperial",True,"","France","aquitania","LD7NNHSG","https://amphi-theatrum.de/1380.html",False,"","",108.0,70.0,"",2.390815,47.084496,133
"chassenonAmphitheater","Amphitheater at Chassenon","Chassenon","Cassinomagus","https://pleiades.stoa.org/places/138275","","","gallo-roman-amphitheater","imperial",False,"","France","aquitania","WN2TA6QT","",False,60.0,40.0,"","","",0.768913,45.850749,217
"drevantAmphitheater","Amphitheater at Drevant","Drevant","Derventum","https://pleiades.stoa.org/places/138327","","","gallo-roman-amphitheater","imperial",True,"","France","aquitania","","",False,25.0,"",56.0,"","",2.522625,46.693079,164
"seressiAmphitheater","Amphitheater at Seressi","Seressi","Seressi","https://pleiades.stoa.org/places/315150","","66","amphitheater","second-century",True,7200.0,"Tunisia","proconsularis","","",False,51.5,40.7,76.0,65.2,"",9.775766,36.16351,471
"chemtouAmphitheater","Amphitheater at Chemtou","Chemtou","Simmithus","https://pleiades.stoa.org/places/315174","","67","amphitheater","second-century",True,6500.0,"Tunisia","proconsularis","7HMLD8GA","",False,37.6,22.5,60.0,44.8,"",8.580552,36.490426,171
"bekaltaAmphitheater","Amphitheater at Bekalta","Bekalta","Thapsus","https://pleiades.stoa.org/places/324827","","185","amphitheater","second-century",True,4400.0,"Tunisia","proconsularis","","https://amphi-theatrum.de/1333.html",False,67.0,43.0,80.0,58.0,"",11.042371,35.619149,3
"sidiBouArkoubAmphitheater","Amphitheater at Sidi bou Arkoub","Sidi bou Arkoub","Thimisua","https://pleiades.stoa.org/places/315211","","","amphitheater","imperial",True,3200.0,"Tunisia","proconsularis","","",False,38.0,22.0,56.0,38.0,"",9.31926,36.310778,277
"genzanoPrivateAmphitheater","Private Amphitheater at Genzano","Genzano","","https://pleiades.stoa.org/places/422838","","","amphitheater","second-century",True,1300.0,"Italy","regio-i","","",False,"","",61.0,40.0,"",12.696433,41.69286,370
"ainHedjahAmphitheater","Amphitheater at Ain Hedjah","Ain Hedjah","Agbia","https://pleiades.stoa.org/places/314857","","64","amphitheater","second-century",True,3000.0,"Tunisia","proconsularis","","https://amphi-theatrum.de/1312.html",False,43.0,28.0,57.0,42.0,"",9.230632,36.391031,412
"terracinaAmphitheater","Amphitheater at Terracina","Terracina","Tarracina","https://pleiades.stoa.org/places/433143","","148","amphitheater","first-century",True,"","Italy","regio-i","","https://amphi-theatrum.de/1547.html",False,"","",90.0,68.0,"",13.247049,41.287691,10
"uticaAmphitheater","Amphitheater at Utica","Utica","Utica","https://pleiades.stoa.org/places/315248","","61","amphitheater","hadrianic",True,17100.0,"Tunisia","proconsularis","","https://amphi-theatrum.de/2503.html",False,80.0,60.0,118.0,98.0,"",10.057188,37.052472,29
"tebourbaAmphitheater","Amphitheater at Thuburbo Minus","Thuburbo Minus","Thuburbo Minus","https://pleiades.stoa.org/places/315219","","69","amphitheater","second-century",True,"","Tunisia","proconsularis","","https://amphi-theatrum.de/1341.html",True,"","","","","",9.835436,36.827708,43
"hencherElKasbatAmphitheater","Amphitheater at Henchir el Kasbat","Thuburbo Maius","Thuburbo Maius","https://pleiades.stoa.org/places/315220","","121","amphitheater","second-century",True,7500.0,"Tunisia","proconsularis","","https://amphi-theatrum.de/1340.html",False,46.0,33.0,74.0,61.0,"",9.905668,36.398153,201
"espejoAmphitheater","Amphitheater at Espejo","Espejo","Ucubi","https://pleiades.stoa.org/places/266081","","11","amphitheater","caesarean",True,"","Spain","baetica","","https://amphi-theatrum.de/1472.html",False,35.0,"","","","",-4.554198,37.683989,352
"hencherZembraAmphitheater","Amphitheater at Henchir Zembra","Ulisippira","Ulisippira","https://pleiades.stoa.org/places/324839","","70","amphitheater","second-century",True,5400.0,"Tunisia","proconsularis","","https://amphi-theatrum.de/1346.html",False,48.0,32.0,69.0,53.0,"",10.441193,35.958583,21
"botriaAmphitheater","Amphitheater at Botria","Acholla","Acholla","https://pleiades.stoa.org/places/324653","","118","amphitheater","second-century",True,11600.0,"Tunisia","proconsularis","","https://amphi-theatrum.de/1311.html",False,58.0,54.0,90.0,86.0,"",11.018944,35.075962,2
"tipasaAmphitheater","Amphitheater at Tipasa","Tipasa","Tipasentium","https://pleiades.stoa.org/places/295363","","130","amphitheater","late-second-century",True,4398.0,"Algeria","mauretania","","https://amphi-theatrum.de/1536.html",False,57.0,35.0,77.0,55.0,"",2.445456,36.593152,16
"bullaRegiaAmphitheater","Amphitheater at Bulla Regia","Bulla Regia","Bulla Regia","https://pleiades.stoa.org/places/314912","","117","amphitheater","late-second-century",True,9700.0,"Tunisia","proconsularis","","https://amphi-theatrum.de/1314.html",False,34.0,30.0,74.0,66.0,"",8.762598,36.564169,227
"pupputAmphitheater","Amphitheater at Pupput","Pupput","Pupput","https://pleiades.stoa.org/places/315121","","298","amphitheater","imperial",True,"","Tunisia","proconsularis","","https://amphi-theatrum.de/1326.html",False,45.0,36.0,"","","",10.5626,36.3929,4
"siccaVeneriaAmphitheater","Amphitheater at Sicca Veneria","Sicca Veneria","Sicca Veneria","https://pleiades.stoa.org/places/315152","","183","amphitheater","imperial",True,11300.0,"Tunisia","proconsularis","","https://amphi-theatrum.de/1329.html",False,70.0,50.0,100.0,80.0,"",8.715302,36.18536115302,748
"thibariAmphitheater","Amphitheater at Thibari","Thibari","Thibari","https://pleiades.stoa.org/places/315201","","62","amphitheater","imperial",True,6300.0,"Tunisia","proconsularis","","https://amphi-theatrum.de/1337.html",False,30.8,21.0,61.2,51.5,"",9.083712,36.504836,282
"portusOvalStructure","Oval Structure at Portus","Portus Oval Structure","Portus","https://pleiades.stoa.org/places/423012","","","oval-structure","second-century",False,2000.0,"Italy","regio-i","VM28C388","",False,"","",42.0,38.0,"",12.25809,41.781816,2
"montbouyGalloRomanAmphitheater","Gallo-Roman Amphitheater at Montbouy","Montbouy","","https://pleiades.stoa.org/places/138468","","","gallo-roman-amphitheater","imperial",False,"","France","lugdunensis","","",False,48.0,31.0,"","","",2.819017,47.87286,122
"statiliusTaurusAmphitheater","Amphitheater of Statilius Taurus","Statilius Taurus","","https://pleiades.stoa.org/places/423025","","","amphitheater","augustan",False,"","Italy","regio-i","","https://amphi-theatrum.de/1476.html",True,"","","","","",12.469869,41.899614,22
"hisaryaAmphitheater","Amphitheater at Hisarya","Hisarya","Diocletianopolis","https://pleiades.stoa.org/places/216792","","","amphitheater","imperial",True,"","Bulgaria","thracia","","https://amphi-theatrum.de/2003.html",False,41.0,"","","","",24.703104,42.500071,362
"mesarafeltaAmphitheater","Amphitheater at Mesarfelta","Mesarfelta","Mesarfelta","https://pleiades.stoa.org/places/334592","","45","amphitheater","second-century",True,"","Algeria","mauretania","FPC6XYXG","https://amphi-theatrum.de/1446.html",True,"","","","","",5.592835,35.036203,271
"tigavaCastraAmphitheater","Amphitheater at Tigava Castra","Tigava Castra","Tigava Castra","https://pleiades.stoa.org/places/295357","","46","amphitheater","second-century",True,2300.0,"Algeria","mauretania","","https://amphi-theatrum.de/1498.html",False,44.0,26.0,56.0,37.0,"",1.651389,36.23195,151
"carpisAmphitheater","Amphitheater at Carpis","Carpis","Carpis","https://pleiades.stoa.org/places/314920","","65","amphitheater","second-century",True,"","Tunisia","proconsularis","","https://amphi-theatrum.de/1316.html",True,"","","","","",10.557673,36.760727,29
"altinumAmphitheater","Amphitheater at Altinum","Altinum","Altinum","https://pleiades.stoa.org/places/393374","","","amphitheater","imperial",True,"","Italy","regio-x","","",False,80.0,58.0,143.0,103.0,"",12.399911,45.548996,1
"augustaBagiennorumAmphitheater","Amphitheater at Augusta Benniorum","Augusta Bagiennorum","Augusta Bagiennorum","https://pleiades.stoa.org/places/383578","","79","amphitheater","julio-claudian",True,"","Italy","regio-ix","","https://amphi-theatrum.de/1511.html",False,"","",104.0,78.0,"",7.85031,44.556438,340
"aostaAmphitheater","Amphitheater at Aosta","Aosta","Augusta Praetoria","https://pleiades.stoa.org/places/383579","","132","amphitheater","julio-claudian",True,9770.0,"Italy","regio-xi","","https://amphi-theatrum.de/2745.html",False,42.0,31.0,86.0,76.0,"",7.323481,45.740914,595
"faleriiNoviAmphitheater","Amphitheater at Falerii Novi","Falerii Novi","Falerii Novi","https://pleiades.stoa.org/places/413125","","146","amphitheater","augustan",True,7986.0,"Italy","regio-vii","","https://amphi-theatrum.de/1545.html",False,54.3,32.7,88.0,66.4,"",12.361043,42.302681,198
"riminiAmphitheater","Amphitheater at Rimini","Rimini","Ariminum","https://pleiades.stoa.org/places/393379","","172","amphitheater","hadrianic",True,13967.0,"Italy","regio-viii","","https://amphi-theatrum.de/1404.html",False,73.76,42.52,117.72,88.08,"",12.575144,44.060057,5
"imolaAmphitheater","Amphitheater at Imola","Imola","Forum Cornelii","https://pleiades.stoa.org/places/393424","","56","amphitheater","imperial",True,11914.0,"Italy","regio-viii","","",False,67.0,40.0,108.0,81.0,"",11.711992,44.353673,53
"venosaAmphitheater","Amphitheater at Venosa","Venosa","Venusia","https://pleiades.stoa.org/places/442847","","","amphitheater","imperial",True,10602.0,"Italy","regio-ii","","https://amphi-theatrum.de/1517.html",False,58.0,37.0,98.0,77.0,"",15.826303,40.969693,402
"teramoAmphitheater","Amphitheater at Teramo","Teramo","Interamnia Praetuttiorum","https://pleiades.stoa.org/places/413179","","57","amphitheater","imperial",True,"","Italy","regio-v","","https://amphi-theatrum.de/1406.html",False,"","",73.93,56.16,"",13.703278,42.658183,273
"velleiaAmphitheater","Amphitheater at Velleia","Velleia","Veleia","https://pleiades.stoa.org/places/383811","","14","amphitheater","julio-claudian",True,2901.0,"Italy","regio-viii","","https://amphi-theatrum.de/1479.html",False,37.0,25.5,54.85,44.1,"",9.723475,44.785084,476
"ordonaAmphitheater","Amphitheater at Ordona","Ordona","Herdoniae","https://pleiades.stoa.org/places/442613","","26","amphitheater","first-century",True,6318.0,"Italy","regio-ii","","https://amphi-theatrum.de/1488.html",False,44.6,28.4,74.5,59.4,"",15.6231,41.3105,127
"bevagnaAmphitheater","Amphitheater at Bevagna","Bevagna","Mevania","https://pleiades.stoa.org/places/413200","","","amphitheater","first-century",True,6251.0,"Italy","regio-vi","","https://amphi-theatrum.de/1596.html",False,44.0,24.0,80.0,53.0,"",12.615587,42.936903,215
"minturnaeAmphitheater","Amphitheater at Minturno","Minturno","Minturnae","https://pleiades.stoa.org/places/432940","","","amphitheater","first-century",True,"","Italy","regio-i","","https://amphi-theatrum.de/1591.html",False,"","",130.0,"","",13.763859,41.241734,10
"sinuessaAmphitheater","Amphitheater at Sinuessa","Sinuessa","Sinuessa","https://pleiades.stoa.org/places/433122","","274","amphitheater","imperial",True,"","Italy","regio-i","","",False,"","",80.0,45.0,"",13.846372,41.153584,5
"geyreAmphitheater","Late Roman Amphitheater at Geyre (Aphrodisias)","Geyre (Aphrodisias)","Aphrodisias","https://pleiades.stoa.org/places/638753","","","arena-in-stadium","fourth-century",False,"","Turkey","asia","KNXG4VJN","https://amphi-theatrum.de/2654.html",False,59.0,30.0,"","","",28.723061,37.712553,526
"djerbaAmphitheater","Djerba Amphitheater","Djerba","Meninge","https://pleiades.stoa.org/places/344439","","","amphitheater","imperial",True,"","Tunisia","proconsularis","","https://amphi-theatrum.de/1324.html",False,"","",68.0,"","",10.913907,33.685822,1
"zagaroloLudus","Zagarolo Ludus","Zagarolo","","https://pleiades.stoa.org/places/423086","","","practice-arena","imperial",False,"","Italy","regio-i","","https://amphi-theatrum.de/2089.html",False,"","",40.0,"","",12.819255,41.858402,275
"tusculumAmphitheater","Tusculum Amphitheater","Tusculum","","https://pleiades.stoa.org/places/423108","","184","amphitheater","second-century",True,4853.0,"Italy","regio-i","","https://amphi-theatrum.de/1423.html",False,49.0,30.0,73.0,54.0,"",12.702103,41.798372,582
"forumNovumAmphitheater","Forum Novum Amphitheater","Forum Novum","Forum Novum","https://pleiades.stoa.org/places/413148","","","amphitheater","first-century",True,2000.0,"Italy","regio-iv","HKRAD2P6","",False,45.0,25.0,"","","",12.603363,42.329875,137
"todiAmphitheater","Todi Amphitheater","Todi","Tuder","https://pleiades.stoa.org/places/413354","","","amphitheater","imperial",True,"","Italy","regio-vi","","https://amphi-theatrum.de/1400.html",False,"","",90.0,60.0,"",12.413528,42.778653,330
"terniAmphitheater","Terni Amphitheater","Terni","Interamna Nahars","https://pleiades.stoa.org/places/413178","","144","amphitheater","first-century",True,10890.0,"Italy","regio-vi","","https://amphi-theatrum.de/1401.html",False,65.0,36.0,95.0,73.0,"",12.64336,42.559785,240
"spoletoAmphitheater","Spoleto Amphitheater","Spoleto","Spoletium","https://pleiades.stoa.org/places/413320","","86","amphitheater","first-century",True,"","Italy","regio-vi","","https://amphi-theatrum.de/2681.html",False,"","",115.0,85.0,"",12.738992,42.738427,327
"aquaeNeriAmphitheater","Aquae Neri Amphitheater","Aquae Neri","Neriomagus","https://pleiades.stoa.org/places/138185","","20","amphitheater","first-century",True,3926.0,"France","aquitania","","",False,50.0,30.0,70.0,50.0,"",2.658224,46.289891,489
"aureliumCommodianumAmphitheater","Aurelium Commodianum Amphitheater","Aurelium Commodianum","Aurelium Commodianum","https://pleiades.stoa.org/places/315084","","","amphitheater","second-century",True,"","Tunisia","proconsularis","","https://amphi-theatrum.de/1356.html",False,"","",65.0,55.0,"",9.889218,36.527797,205
"jebelMorabaAmphitheater","Jebel Moraba Amphitheater","Jebel Moraba","","https://pleiades.stoa.org/places/208942158","","","amphitheater","imperial",True,"","Tunisia","proconsularis","","https://amphi-theatrum.de/1317.html",False,"","",61.0,"","",9.860836,36.597655,311
"faleroneAmphitheater","Falerone Amphitheater","Falerone","Falerio","https://pleiades.stoa.org/places/413127","","99","amphitheater","julio-claudian",True,"","Italy","regio-v","","https://amphi-theatrum.de/1525.html",False,"","",88.8,80.0,"",13.495903,43.101106,222
"fermoAmphitheater","Fermo Amphitheater","Fermo","Firmum Picenum","https://pleiades.stoa.org/places/413135","","","amphitheater","imperial",True,"","Italy","regio-v","","https://amphi-theatrum.de/1603.html",True,"","","","","",13.718231,43.161433,290
"frosinoneAmphitheater","Frosinone Amphitheater","Frosinone","Frusino","https://pleiades.stoa.org/places/432852","","106","amphitheater","imperial",True,"","Italy","regio-i","","https://amphi-theatrum.de/1531.html",False,"","",78.0,57.0,"",13.353417,41.64507,213
"ruggeAmphitheater","Rugge Amphitheater","Rugge","Rudiae","https://pleiades.stoa.org/places/442753","","","amphitheater","imperial",True,"","Italy","regio-ii","","https://amphi-theatrum.de/2217.html",False,"","",83.0,66.0,"",18.146729,40.334316,38
"egnaziaAmphitheater","Egnazia Amphitheater","Egnazia","Egnatia","https://pleiades.stoa.org/places/442573","","","amphitheater","third-century",False,"","Italy","regio-ii","","https://amphi-theatrum.de/1610.html",False,37.0,25.0,"","","",17.391188,40.887891,2
"canosaAmphitheater","Canosa Amphitheater","Canosa","Canusium","https://pleiades.stoa.org/places/442525","","","amphitheater","imperial",False,"","Italy","regio-ii","","https://amphi-theatrum.de/1607.html",False,"","",138.0,106.0,"",16.05603,41.221739,81
"sipontoAmphitheater","Siponto Amphitheater","Siponto","Sipous","https://pleiades.stoa.org/places/442797","","","amphitheater","imperial",True,"","Italy","regio-ii","","https://amphi-theatrum.de/2222.html",True,"","","","","",15.888896,41.611536,18
"chietiAmphitheater","Chieti Amphitheater","Chieti","Teate Marrucinorum","https://pleiades.stoa.org/places/413333","","","amphitheater","first-century",True,"","Italy","regio-iv","","https://amphi-theatrum.de/2047.html",False,59.0,41.0,"","","",14.16255,42.345021,343
"teanoAmphitheater","Amphitheater at Teano","Teano","Teanum Sidicinum","https://pleiades.stoa.org/places/433146","7","4","amphitheater","republican",True,"","Italy","regio-ii","","",True,"","","","","",14.065098,41.251661,191
"henchirDuomaAmphitheater","Henchir Douama Amphitheater","Henchir Douama","Uchi Maius","https://pleiades.stoa.org/places/315242","","","amphitheater","imperial",True,"","Tunisia","proconsularis","","https://amphi-theatrum.de/1345.html",False,"","",55.0,43.0,"",9.085182,36.412511,418
"ainToungaAmphitheater","Ain Tounga Amphitheater","Ain Tounga","Thignica","https://pleiades.stoa.org/places/315207","","116","amphitheater","second-century",True,3000.0,"Tunisia","proconsularis","","https://amphi-theatrum.de/1532.html",False,39.0,26.5,56.0,46.0,"",9.361924,36.52782,226
"aleriaAmphitheater","Aleria Amphitheater","Aleria","Alalia","https://pleiades.stoa.org/places/472048","","131","amphitheater","imperial",True,1248.0,"France","corsica-et-sardinia","","",False,29.6,24.0,39.6,34.0,"",9.5102,42.100889,41
"volterraAmphitheater","Volterra Amphitheater","Volterra","Volaterrae","https://pleiades.stoa.org/places/403292","","","amphitheater","first-century",True,10000.0,"Italy","regio-vii","XW8VDUBU","https://amphi-theatrum.de/2677.html",False,"","",87.0,68.0,"",10.862152,43.407162,456
"vastoAmphitheater","Amphitheater at Vasto","Vasto","Histonium","https://pleiades.stoa.org/places/413171","","","amphitheater","imperial",True,"","Italy","regio-iv","","https://amphi-theatrum.de/2042.html",False,"","",100.0,80.0,"",14.708095,42.111291,150
"suasaAmphitheater","Amphitheater at Suasa","Suasa","Suasa","https://pleiades.stoa.org/places/413324","","","amphitheater","imperial",True,"","Italy","regio-vi","","https://amphi-theatrum.de/2833.html",False,58.0,36.0,99.0,75.0,"",12.986831,43.624682,139
"pollenzoAmphitheater","Amphitheater at Pollenzo","Pollenzo","Pollentia","https://pleiades.stoa.org/places/383745","","59","amphitheater","imperial",True,"","Italy","regio-ix","","https://amphi-theatrum.de/1391.html",False,"","",120.0,93.0,"",7.895993,44.684698,200
"vercelliAmphitheater","Amphitheater at Vercelli","Vercelli","Vercellae","https://pleiades.stoa.org/places/383815","","","amphitheater","late-first-early-second-century",True,"","Italy","regio-xi","SN69JGM2","https://amphi-theatrum.de/2948.html",False,"","",107.0,90.0,"",8.426863,45.319277,126
"sanGiovanniAmphitheater","Amphitheater at San Giovanni in Carico","San Giovanni in Carico","Fabrateria Nova","https://pleiades.stoa.org/places/432825","","","amphitheater","imperial",True,"","Italy","regio-i","","https://amphi-theatrum.de/2084.html",False,"","",75.0,"","",13.552957,41.518993,87
"megiddoAmphitheater","Amphitheater at Megiddo","Megiddo","Legio","https://pleiades.stoa.org/places/678266","","","amphitheater","imperial",True,"","Israel","judaea","","",False,"","",70.0,50.0,"",35.183968,32.58102,141
"suessaAruncaAmphitheater","Amphitheater at Suessa Arunca","Suessa Arunca","Suessa","https://pleiades.stoa.org/places/433132","11","","amphitheater","republican",True,"","Italy","regio-i","","https://amphi-theatrum.de/2833.html",True,"","","","","",13.933458,41.230843,128
"altripaldaAmphitheater","Amphitheater at Altripalda","Altripalda","Abellinum","https://pleiades.stoa.org/places/432618","12","","amphitheater","republican",True,"","Italy","regio-i","","https://amphi-theatrum.de/1860.html",True,"","","","","",14.825649,40.917353,303
"compsaAmphitheater","Amphitheater at Compsa","Compsa","Compsa","https://pleiades.stoa.org/places/442550","","","amphitheater","republican",True,"","Italy","regio-ii","","",True,"","","","","",15.330556,40.870278,572
"yorkAmphitheater","Amphitheater at York","York","Eboracum","https://pleiades.stoa.org/places/89175","","","amphitheater","imperial",True,"","United Kingdom","britannia","","https://amphi-theatrum.de/1753.html",True,"","","","","",-1.080278,53.958333,21
"barcelonaAmphitheater","Amphitheater at Barcelona","Barcelona","Barcino","https://pleiades.stoa.org/places/246343","","","amphitheater","imperial",True,"","Spain","tarraconensis","","https://amphi-theatrum.de/2613.html",False,"","",117.0,93.0,"",2.182077,41.383003,3
"istanbulAmphitheater","Amphitheater at Istanbul","Istanbul","Byzantium","https://pleiades.stoa.org/places/520985","","","amphitheater","imperial",True,"","Turkey","thracia","","https://amphi-theatrum.de/1735.html",True,"","","","","",28.985442,41.014686,32
"chichesterAmphitheater","Amphitheater at Chichester","Chichester","Noviomagus Reginorum","https://pleiades.stoa.org/places/79622","","35","amphitheater","flavian",True,"","United Kingdom","britannia","","https://amphi-theatrum.de/1492.html",False,56.0,47.0,"","","",-0.771186,50.835394,14
"reggioEmiliaAmphitheater","Amphitheater at Reggio Emilia","Reggio Emilia","Regium Lepidi","https://pleiades.stoa.org/places/383755","","","amphitheater","imperial",True,"","Italy","regio-viii","","https://amphi-theatrum.de/2575.html",True,"","","","","",10.629951,44.702888,59
"tharrosAmphitheater","Amphitheater at Tharros","Tharros","Tharros","https://pleiades.stoa.org/places/472032","","","amphitheater","imperial",True,"","Italy","corsica-et-sardinia","","",False,32.0,32.0,50.0,46.0,"",8.440713,39.876577,27
"torreparedonesAmphitheater","Amphitheater at Torreparedones","Torreparedones","Colonia Virtus Iulia","https://pleiades.stoa.org/places/265938","","","amphitheater","flavian",True,"","Spain","baetica","A3LTIU8B","",False,"","",69.0,61.0,"",-4.3806,37.752468,510
"nazilliAmphitheater","Amphitheater at Nazilli","Nazilli","Mastaura","https://pleiades.stoa.org/places/599790","","","amphitheater","severan",False,20000.0,"Turkey","asia","RXR56NIQ","https://amphi-theatrum.de/3060.html",True,"","","","","",28.338099,37.955596,604
"trentoAmphitheater","Amphitheater at Trento","Trento","Tridentum","https://pleiades.stoa.org/places/383804","","","amphitheater","second-century",True,"","Italy","regio-x","WAQBUSAR","https://amphi-theatrum.de/3048.html",False,62.0,48.0,"","","",11.125334,46.069205,248
"avenchesAmphitheater","Amphitheater at Avenches","Avenches","Aventicum","https://pleiades.stoa.org/places/177495","","104","amphitheater","second-century",True,13006.0,"Switzerland","germania-superior","LD7NNHSG","https://amphi-theatrum.de/2723.html",False,51.0,39.0,99.0,87.0,"",7.042646,46.880971,470
"venafroAmphitheater","Amphitheater at Venafro","Venafro","Venafrum","https://pleiades.stoa.org/places/433185","","87","amphitheater","imperial",True,15000.0,"Italy","regio-i","HQ9QC3FS","https://amphi-theatrum.de/1392.html",False,60.0,35.0,110.0,85.0,"",14.046835,41.48255,176
"saintGeorgesDuBoisAmphitheater","Amphitheater at Saint-Georges-du-Bois","Saint-Georges-du-Bois","","","","103","amphitheater","first-century",True,3000.0,"France","aquitania","ZSJDWT3E","https://amphi-theatrum.de/1529.html",False,54.0,30.0,65.0,50.0,"",-0.749919,46.142723,39
"toledoAmphitheater","Amphitheater at Toledo","Toledo","Toletum","https://pleiades.stoa.org/places/266066","","","amphitheater","imperial",True,"","Spain","tarraconensis","9JJW3LUE","https://amphi-theatrum.de/3090.html",True,"","","","","",-4.022888,39.865349,482
"kaiseraugustAmphitheater","Amphitheater at Kaiseraugst","Kaiseraugst","Castrum Rauracense","https://pleiades.stoa.org/places/81716458","","","amphitheater","fourth-century",False,"","Switzerland","germania-superior","AUHQAHQB","https://amphi-theatrum.de/3066.html",False,"","",50.0,40.0,"",7.721596,47.540822,482
"ammaiaAmphitheater","Amphitheater at Ammaia","Ammaia","Ammaia","https://pleiades.stoa.org/places/255975","","","amphitheater","imperial",True,"","Portugal","lusitania","","https://amphi-theatrum.de/3020.html",False,"","",60.0,"","",-7.39197,39.369905,566
"contributaAmphitheater","Amphitheater at Contributa Iulia Ugultunia","Contributa","Contributa Iulia Ugultunia","https://pleiades.stoa.org/places/256126","","","amphitheater","imperial",True,"","Spain","baetica","","https://amphi-theatrum.de/3093.html",False,"","",72.0,"","",-6.38932,38.347751,501
